qid,query,docno,rank,score
1,MEASUREMENT OF DIELECTRIC CONSTANT OF LIQUIDS BY THE USE OF MICROWAVE TECHNIQUES,9881,1,100
1,MEASUREMENT OF DIELECTRIC CONSTANT OF LIQUIDS BY THE USE OF MICROWAVE TECHNIQUES,8172,2,99
1,MEASUREMENT OF DIELECTRIC CONSTANT OF LIQUIDS BY THE USE OF MICROWAVE TECHNIQUES,5502,3,98
1,MEASUREMENT OF DIELECTRIC CONSTANT OF LIQUIDS BY THE USE OF MICROWAVE TECHNIQUES,1502,4,97
1,MEASUREMENT OF DIELECTRIC CONSTANT OF LIQUIDS BY THE USE OF MICROWAVE TECHNIQUES,10652,5,96
1,MEASUREMENT OF DIELECTRIC CONSTANT OF LIQUIDS BY THE USE OF MICROWAVE TECHNIQUES,9859,6,95
1,MEASUREMENT OF DIELECTRIC CONSTANT OF LIQUIDS BY THE USE OF MICROWAVE TECHNIQUES,4871,7,94
1,MEASUREMENT OF DIELECTRIC CONSTANT OF LIQUIDS BY THE USE OF MICROWAVE TECHNIQUES,9591,8,93
1,MEASUREMENT OF DIELECTRIC CONSTANT OF LIQUIDS BY THE USE OF MICROWAVE TECHNIQUES,8276,9,92
1,MEASUREMENT OF DIELECTRIC CONSTANT OF LIQUIDS BY THE USE OF MICROWAVE TECHNIQUES,720,10,91
1,MEASUREMENT OF DIELECTRIC CONSTANT OF LIQUIDS BY THE USE OF MICROWAVE TECHNIQUES,9588,11,90
1,MEASUREMENT OF DIELECTRIC CONSTANT OF LIQUIDS BY THE USE OF MICROWAVE TECHNIQUES,7923,12,89
1,MEASUREMENT OF DIELECTRIC CONSTANT OF LIQUIDS BY THE USE OF MICROWAVE TECHNIQUES,7234,13,88
1,MEASUREMENT OF DIELECTRIC CONSTANT OF LIQUIDS BY THE USE OF MICROWAVE TECHNIQUES,8258,14,87
1,MEASUREMENT OF DIELECTRIC CONSTANT OF LIQUIDS BY THE USE OF MICROWAVE TECHNIQUES,8582,15,86
1,MEASUREMENT OF DIELECTRIC CONSTANT OF LIQUIDS BY THE USE OF MICROWAVE TECHNIQUES,11212,16,85
1,MEASUREMENT OF DIELECTRIC CONSTANT OF LIQUIDS BY THE USE OF MICROWAVE TECHNIQUES,9350,17,84
1,MEASUREMENT OF DIELECTRIC CONSTANT OF LIQUIDS BY THE USE OF MICROWAVE TECHNIQUES,4817,18,83
1,MEASUREMENT OF DIELECTRIC CONSTANT OF LIQUIDS BY THE USE OF MICROWAVE TECHNIQUES,2236,19,82
1,MEASUREMENT OF DIELECTRIC CONSTANT OF LIQUIDS BY THE USE OF MICROWAVE TECHNIQUES,6579,20,81
1,MEASUREMENT OF DIELECTRIC CONSTANT OF LIQUIDS BY THE USE OF MICROWAVE TECHNIQUES,3082,21,80
1,MEASUREMENT OF DIELECTRIC CONSTANT OF LIQUIDS BY THE USE OF MICROWAVE TECHNIQUES,2800,22,79
1,MEASUREMENT OF DIELECTRIC CONSTANT OF LIQUIDS BY THE USE OF MICROWAVE TECHNIQUES,6824,23,78
1,MEASUREMENT OF DIELECTRIC CONSTANT OF LIQUIDS BY THE USE OF MICROWAVE TECHNIQUES,4463,24,77
1,MEASUREMENT OF DIELECTRIC CONSTANT OF LIQUIDS BY THE USE OF MICROWAVE TECHNIQUES,8565,25,76
1,MEASUREMENT OF DIELECTRIC CONSTANT OF LIQUIDS BY THE USE OF MICROWAVE TECHNIQUES,8150,26,75
1,MEASUREMENT OF DIELECTRIC CONSTANT OF LIQUIDS BY THE USE OF MICROWAVE TECHNIQUES,1756,27,74
1,MEASUREMENT OF DIELECTRIC CONSTANT OF LIQUIDS BY THE USE OF MICROWAVE TECHNIQUES,4827,28,73
1,MEASUREMENT OF DIELECTRIC CONSTANT OF LIQUIDS BY THE USE OF MICROWAVE TECHNIQUES,2224,29,72
1,MEASUREMENT OF DIELECTRIC CONSTANT OF LIQUIDS BY THE USE OF MICROWAVE TECHNIQUES,6276,30,71
1,MEASUREMENT OF DIELECTRIC CONSTANT OF LIQUIDS BY THE USE OF MICROWAVE TECHNIQUES,2005,31,70
1,MEASUREMENT OF DIELECTRIC CONSTANT OF LIQUIDS BY THE USE OF MICROWAVE TECHNIQUES,3693,32,69
1,MEASUREMENT OF DIELECTRIC CONSTANT OF LIQUIDS BY THE USE OF MICROWAVE TECHNIQUES,9295,33,68
1,MEASUREMENT OF DIELECTRIC CONSTANT OF LIQUIDS BY THE USE OF MICROWAVE TECHNIQUES,3994,34,67
1,MEASUREMENT OF DIELECTRIC CONSTANT OF LIQUIDS BY THE USE OF MICROWAVE TECHNIQUES,7735,35,66
1,MEASUREMENT OF DIELECTRIC CONSTANT OF LIQUIDS BY THE USE OF MICROWAVE TECHNIQUES,1897,36,65
1,MEASUREMENT OF DIELECTRIC CONSTANT OF LIQUIDS BY THE USE OF MICROWAVE TECHNIQUES,4147,37,64
1,MEASUREMENT OF DIELECTRIC CONSTANT OF LIQUIDS BY THE USE OF MICROWAVE TECHNIQUES,3098,38,63
1,MEASUREMENT OF DIELECTRIC CONSTANT OF LIQUIDS BY THE USE OF MICROWAVE TECHNIQUES,7230,39,62
1,MEASUREMENT OF DIELECTRIC CONSTANT OF LIQUIDS BY THE USE OF MICROWAVE TECHNIQUES,3489,40,61
1,MEASUREMENT OF DIELECTRIC CONSTANT OF LIQUIDS BY THE USE OF MICROWAVE TECHNIQUES,571,41,60
1,MEASUREMENT OF DIELECTRIC CONSTANT OF LIQUIDS BY THE USE OF MICROWAVE TECHNIQUES,2487,42,59
1,MEASUREMENT OF DIELECTRIC CONSTANT OF LIQUIDS BY THE USE OF MICROWAVE TECHNIQUES,6275,43,58
1,MEASUREMENT OF DIELECTRIC CONSTANT OF LIQUIDS BY THE USE OF MICROWAVE TECHNIQUES,1879,44,57
1,MEASUREMENT OF DIELECTRIC CONSTANT OF LIQUIDS BY THE USE OF MICROWAVE TECHNIQUES,10178,45,56
1,MEASUREMENT OF DIELECTRIC CONSTANT OF LIQUIDS BY THE USE OF MICROWAVE TECHNIQUES,4256,46,55
1,MEASUREMENT OF DIELECTRIC CONSTANT OF LIQUIDS BY THE USE OF MICROWAVE TECHNIQUES,4861,47,54
1,MEASUREMENT OF DIELECTRIC CONSTANT OF LIQUIDS BY THE USE OF MICROWAVE TECHNIQUES,719,48,53
1,MEASUREMENT OF DIELECTRIC CONSTANT OF LIQUIDS BY THE USE OF MICROWAVE TECHNIQUES,9209,49,52
1,MEASUREMENT OF DIELECTRIC CONSTANT OF LIQUIDS BY THE USE OF MICROWAVE TECHNIQUES,3885,50,51
1,MEASUREMENT OF DIELECTRIC CONSTANT OF LIQUIDS BY THE USE OF MICROWAVE TECHNIQUES,2980,51,50
1,MEASUREMENT OF DIELECTRIC CONSTANT OF LIQUIDS BY THE USE OF MICROWAVE TECHNIQUES,3115,52,49
1,MEASUREMENT OF DIELECTRIC CONSTANT OF LIQUIDS BY THE USE OF MICROWAVE TECHNIQUES,5912,53,48
1,MEASUREMENT OF DIELECTRIC CONSTANT OF LIQUIDS BY THE USE OF MICROWAVE TECHNIQUES,152,54,47
1,MEASUREMENT OF DIELECTRIC CONSTANT OF LIQUIDS BY THE USE OF MICROWAVE TECHNIQUES,6823,55,46
1,MEASUREMENT OF DIELECTRIC CONSTANT OF LIQUIDS BY THE USE OF MICROWAVE TECHNIQUES,26,56,45
1,MEASUREMENT OF DIELECTRIC CONSTANT OF LIQUIDS BY THE USE OF MICROWAVE TECHNIQUES,444,57,44
1,MEASUREMENT OF DIELECTRIC CONSTANT OF LIQUIDS BY THE USE OF MICROWAVE TECHNIQUES,706,58,43
1,MEASUREMENT OF DIELECTRIC CONSTANT OF LIQUIDS BY THE USE OF MICROWAVE TECHNIQUES,4533,59,42
1,MEASUREMENT OF DIELECTRIC CONSTANT OF LIQUIDS BY THE USE OF MICROWAVE TECHNIQUES,3010,60,41
1,MEASUREMENT OF DIELECTRIC CONSTANT OF LIQUIDS BY THE USE OF MICROWAVE TECHNIQUES,8061,61,40
1,MEASUREMENT OF DIELECTRIC CONSTANT OF LIQUIDS BY THE USE OF MICROWAVE TECHNIQUES,8883,62,39
1,MEASUREMENT OF DIELECTRIC CONSTANT OF LIQUIDS BY THE USE OF MICROWAVE TECHNIQUES,8319,63,38
1,MEASUREMENT OF DIELECTRIC CONSTANT OF LIQUIDS BY THE USE OF MICROWAVE TECHNIQUES,7025,64,37
1,MEASUREMENT OF DIELECTRIC CONSTANT OF LIQUIDS BY THE USE OF MICROWAVE TECHNIQUES,5039,65,36
1,MEASUREMENT OF DIELECTRIC CONSTANT OF LIQUIDS BY THE USE OF MICROWAVE TECHNIQUES,2367,66,35
1,MEASUREMENT OF DIELECTRIC CONSTANT OF LIQUIDS BY THE USE OF MICROWAVE TECHNIQUES,4259,67,34
1,MEASUREMENT OF DIELECTRIC CONSTANT OF LIQUIDS BY THE USE OF MICROWAVE TECHNIQUES,5493,68,33
1,MEASUREMENT OF DIELECTRIC CONSTANT OF LIQUIDS BY THE USE OF MICROWAVE TECHNIQUES,8148,69,32
1,MEASUREMENT OF DIELECTRIC CONSTANT OF LIQUIDS BY THE USE OF MICROWAVE TECHNIQUES,3191,70,31
1,MEASUREMENT OF DIELECTRIC CONSTANT OF LIQUIDS BY THE USE OF MICROWAVE TECHNIQUES,6727,71,30
1,MEASUREMENT OF DIELECTRIC CONSTANT OF LIQUIDS BY THE USE OF MICROWAVE TECHNIQUES,5145,72,29
1,MEASUREMENT OF DIELECTRIC CONSTANT OF LIQUIDS BY THE USE OF MICROWAVE TECHNIQUES,265,73,28
1,MEASUREMENT OF DIELECTRIC CONSTANT OF LIQUIDS BY THE USE OF MICROWAVE TECHNIQUES,7734,74,27
1,MEASUREMENT OF DIELECTRIC CONSTANT OF LIQUIDS BY THE USE OF MICROWAVE TECHNIQUES,6393,75,26
1,MEASUREMENT OF DIELECTRIC CONSTANT OF LIQUIDS BY THE USE OF MICROWAVE TECHNIQUES,2940,76,25
1,MEASUREMENT OF DIELECTRIC CONSTANT OF LIQUIDS BY THE USE OF MICROWAVE TECHNIQUES,8825,77,24
1,MEASUREMENT OF DIELECTRIC CONSTANT OF LIQUIDS BY THE USE OF MICROWAVE TECHNIQUES,11214,78,23
1,MEASUREMENT OF DIELECTRIC CONSTANT OF LIQUIDS BY THE USE OF MICROWAVE TECHNIQUES,8891,79,22
1,MEASUREMENT OF DIELECTRIC CONSTANT OF LIQUIDS BY THE USE OF MICROWAVE TECHNIQUES,4361,80,21
1,MEASUREMENT OF DIELECTRIC CONSTANT OF LIQUIDS BY THE USE OF MICROWAVE TECHNIQUES,8695,81,20
1,MEASUREMENT OF DIELECTRIC CONSTANT OF LIQUIDS BY THE USE OF MICROWAVE TECHNIQUES,5144,82,19
1,MEASUREMENT OF DIELECTRIC CONSTANT OF LIQUIDS BY THE USE OF MICROWAVE TECHNIQUES,11350,83,18
1,MEASUREMENT OF DIELECTRIC CONSTANT OF LIQUIDS BY THE USE OF MICROWAVE TECHNIQUES,1889,84,17
1,MEASUREMENT OF DIELECTRIC CONSTANT OF LIQUIDS BY THE USE OF MICROWAVE TECHNIQUES,8259,85,16
1,MEASUREMENT OF DIELECTRIC CONSTANT OF LIQUIDS BY THE USE OF MICROWAVE TECHNIQUES,10924,86,15
1,MEASUREMENT OF DIELECTRIC CONSTANT OF LIQUIDS BY THE USE OF MICROWAVE TECHNIQUES,10394,87,14
1,MEASUREMENT OF DIELECTRIC CONSTANT OF LIQUIDS BY THE USE OF MICROWAVE TECHNIQUES,10802,88,13
1,MEASUREMENT OF DIELECTRIC CONSTANT OF LIQUIDS BY THE USE OF MICROWAVE TECHNIQUES,9454,89,12
1,MEASUREMENT OF DIELECTRIC CONSTANT OF LIQUIDS BY THE USE OF MICROWAVE TECHNIQUES,3221,90,11
1,MEASUREMENT OF DIELECTRIC CONSTANT OF LIQUIDS BY THE USE OF MICROWAVE TECHNIQUES,4936,91,10
1,MEASUREMENT OF DIELECTRIC CONSTANT OF LIQUIDS BY THE USE OF MICROWAVE TECHNIQUES,5382,92,9
1,MEASUREMENT OF DIELECTRIC CONSTANT OF LIQUIDS BY THE USE OF MICROWAVE TECHNIQUES,4569,93,8
1,MEASUREMENT OF DIELECTRIC CONSTANT OF LIQUIDS BY THE USE OF MICROWAVE TECHNIQUES,7831,94,7
1,MEASUREMENT OF DIELECTRIC CONSTANT OF LIQUIDS BY THE USE OF MICROWAVE TECHNIQUES,10867,95,6
1,MEASUREMENT OF DIELECTRIC CONSTANT OF LIQUIDS BY THE USE OF MICROWAVE TECHNIQUES,7941,96,5
1,MEASUREMENT OF DIELECTRIC CONSTANT OF LIQUIDS BY THE USE OF MICROWAVE TECHNIQUES,709,97,4
1,MEASUREMENT OF DIELECTRIC CONSTANT OF LIQUIDS BY THE USE OF MICROWAVE TECHNIQUES,3068,98,3
1,MEASUREMENT OF DIELECTRIC CONSTANT OF LIQUIDS BY THE USE OF MICROWAVE TECHNIQUES,690,99,2
1,MEASUREMENT OF DIELECTRIC CONSTANT OF LIQUIDS BY THE USE OF MICROWAVE TECHNIQUES,3246,100,1
2,MATHEMATICAL ANALYSIS AND DESIGN DETAILS OF WAVEGUIDE FED MICROWAVE RADIATIONS,3781,1,100
2,MATHEMATICAL ANALYSIS AND DESIGN DETAILS OF WAVEGUIDE FED MICROWAVE RADIATIONS,9820,2,99
2,MATHEMATICAL ANALYSIS AND DESIGN DETAILS OF WAVEGUIDE FED MICROWAVE RADIATIONS,2850,3,98
2,MATHEMATICAL ANALYSIS AND DESIGN DETAILS OF WAVEGUIDE FED MICROWAVE RADIATIONS,8873,4,97
2,MATHEMATICAL ANALYSIS AND DESIGN DETAILS OF WAVEGUIDE FED MICROWAVE RADIATIONS,1374,5,96
2,MATHEMATICAL ANALYSIS AND DESIGN DETAILS OF WAVEGUIDE FED MICROWAVE RADIATIONS,1183,6,95
2,MATHEMATICAL ANALYSIS AND DESIGN DETAILS OF WAVEGUIDE FED MICROWAVE RADIATIONS,5012,7,94
2,MATHEMATICAL ANALYSIS AND DESIGN DETAILS OF WAVEGUIDE FED MICROWAVE RADIATIONS,10235,8,93
2,MATHEMATICAL ANALYSIS AND DESIGN DETAILS OF WAVEGUIDE FED MICROWAVE RADIATIONS,7113,9,92
2,MATHEMATICAL ANALYSIS AND DESIGN DETAILS OF WAVEGUIDE FED MICROWAVE RADIATIONS,6958,10,91
2,MATHEMATICAL ANALYSIS AND DESIGN DETAILS OF WAVEGUIDE FED MICROWAVE RADIATIONS,8997,11,90
2,MATHEMATICAL ANALYSIS AND DESIGN DETAILS OF WAVEGUIDE FED MICROWAVE RADIATIONS,2729,12,89
2,MATHEMATICAL ANALYSIS AND DESIGN DETAILS OF WAVEGUIDE FED MICROWAVE RADIATIONS,5662,13,88
2,MATHEMATICAL ANALYSIS AND DESIGN DETAILS OF WAVEGUIDE FED MICROWAVE RADIATIONS,7998,14,87
2,MATHEMATICAL ANALYSIS AND DESIGN DETAILS OF WAVEGUIDE FED MICROWAVE RADIATIONS,5124,15,86
2,MATHEMATICAL ANALYSIS AND DESIGN DETAILS OF WAVEGUIDE FED MICROWAVE RADIATIONS,1364,16,85
2,MATHEMATICAL ANALYSIS AND DESIGN DETAILS OF WAVEGUIDE FED MICROWAVE RADIATIONS,6870,17,84
2,MATHEMATICAL ANALYSIS AND DESIGN DETAILS OF WAVEGUIDE FED MICROWAVE RADIATIONS,5750,18,83
2,MATHEMATICAL ANALYSIS AND DESIGN DETAILS OF WAVEGUIDE FED MICROWAVE RADIATIONS,1641,19,82
2,MATHEMATICAL ANALYSIS AND DESIGN DETAILS OF WAVEGUIDE FED MICROWAVE RADIATIONS,10789,20,81
2,MATHEMATICAL ANALYSIS AND DESIGN DETAILS OF WAVEGUIDE FED MICROWAVE RADIATIONS,2218,21,80
2,MATHEMATICAL ANALYSIS AND DESIGN DETAILS OF WAVEGUIDE FED MICROWAVE RADIATIONS,5630,22,79
2,MATHEMATICAL ANALYSIS AND DESIGN DETAILS OF WAVEGUIDE FED MICROWAVE RADIATIONS,4237,23,78
2,MATHEMATICAL ANALYSIS AND DESIGN DETAILS OF WAVEGUIDE FED MICROWAVE RADIATIONS,265,24,77
2,MATHEMATICAL ANALYSIS AND DESIGN DETAILS OF WAVEGUIDE FED MICROWAVE RADIATIONS,10400,25,76
2,MATHEMATICAL ANALYSIS AND DESIGN DETAILS OF WAVEGUIDE FED MICROWAVE RADIATIONS,10358,26,75
2,MATHEMATICAL ANALYSIS AND DESIGN DETAILS OF WAVEGUIDE FED MICROWAVE RADIATIONS,2445,27,74
2,MATHEMATICAL ANALYSIS AND DESIGN DETAILS OF WAVEGUIDE FED MICROWAVE RADIATIONS,1239,28,73
2,MATHEMATICAL ANALYSIS AND DESIGN DETAILS OF WAVEGUIDE FED MICROWAVE RADIATIONS,308,29,72
2,MATHEMATICAL ANALYSIS AND DESIGN DETAILS OF WAVEGUIDE FED MICROWAVE RADIATIONS,7803,30,71
2,MATHEMATICAL ANALYSIS AND DESIGN DETAILS OF WAVEGUIDE FED MICROWAVE RADIATIONS,4547,31,70
2,MATHEMATICAL ANALYSIS AND DESIGN DETAILS OF WAVEGUIDE FED MICROWAVE RADIATIONS,8253,32,69
2,MATHEMATICAL ANALYSIS AND DESIGN DETAILS OF WAVEGUIDE FED MICROWAVE RADIATIONS,2842,33,68
2,MATHEMATICAL ANALYSIS AND DESIGN DETAILS OF WAVEGUIDE FED MICROWAVE RADIATIONS,3535,34,67
2,MATHEMATICAL ANALYSIS AND DESIGN DETAILS OF WAVEGUIDE FED MICROWAVE RADIATIONS,8833,35,66
2,MATHEMATICAL ANALYSIS AND DESIGN DETAILS OF WAVEGUIDE FED MICROWAVE RADIATIONS,3791,36,65
2,MATHEMATICAL ANALYSIS AND DESIGN DETAILS OF WAVEGUIDE FED MICROWAVE RADIATIONS,6883,37,64
2,MATHEMATICAL ANALYSIS AND DESIGN DETAILS OF WAVEGUIDE FED MICROWAVE RADIATIONS,10929,38,63
2,MATHEMATICAL ANALYSIS AND DESIGN DETAILS OF WAVEGUIDE FED MICROWAVE RADIATIONS,10927,39,62
2,MATHEMATICAL ANALYSIS AND DESIGN DETAILS OF WAVEGUIDE FED MICROWAVE RADIATIONS,3489,40,61
2,MATHEMATICAL ANALYSIS AND DESIGN DETAILS OF WAVEGUIDE FED MICROWAVE RADIATIONS,3668,41,60
2,MATHEMATICAL ANALYSIS AND DESIGN DETAILS OF WAVEGUIDE FED MICROWAVE RADIATIONS,2252,42,59
2,MATHEMATICAL ANALYSIS AND DESIGN DETAILS OF WAVEGUIDE FED MICROWAVE RADIATIONS,3679,43,58
2,MATHEMATICAL ANALYSIS AND DESIGN DETAILS OF WAVEGUIDE FED MICROWAVE RADIATIONS,1780,44,57
2,MATHEMATICAL ANALYSIS AND DESIGN DETAILS OF WAVEGUIDE FED MICROWAVE RADIATIONS,5037,45,56
2,MATHEMATICAL ANALYSIS AND DESIGN DETAILS OF WAVEGUIDE FED MICROWAVE RADIATIONS,10081,46,55
2,MATHEMATICAL ANALYSIS AND DESIGN DETAILS OF WAVEGUIDE FED MICROWAVE RADIATIONS,3665,47,54
2,MATHEMATICAL ANALYSIS AND DESIGN DETAILS OF WAVEGUIDE FED MICROWAVE RADIATIONS,8608,48,53
2,MATHEMATICAL ANALYSIS AND DESIGN DETAILS OF WAVEGUIDE FED MICROWAVE RADIATIONS,3782,49,52
2,MATHEMATICAL ANALYSIS AND DESIGN DETAILS OF WAVEGUIDE FED MICROWAVE RADIATIONS,3635,50,51
2,MATHEMATICAL ANALYSIS AND DESIGN DETAILS OF WAVEGUIDE FED MICROWAVE RADIATIONS,9593,51,50
2,MATHEMATICAL ANALYSIS AND DESIGN DETAILS OF WAVEGUIDE FED MICROWAVE RADIATIONS,3747,52,49
2,MATHEMATICAL ANALYSIS AND DESIGN DETAILS OF WAVEGUIDE FED MICROWAVE RADIATIONS,2564,53,48
2,MATHEMATICAL ANALYSIS AND DESIGN DETAILS OF WAVEGUIDE FED MICROWAVE RADIATIONS,7061,54,47
2,MATHEMATICAL ANALYSIS AND DESIGN DETAILS OF WAVEGUIDE FED MICROWAVE RADIATIONS,9333,55,46
2,MATHEMATICAL ANALYSIS AND DESIGN DETAILS OF WAVEGUIDE FED MICROWAVE RADIATIONS,7082,56,45
2,MATHEMATICAL ANALYSIS AND DESIGN DETAILS OF WAVEGUIDE FED MICROWAVE RADIATIONS,664,57,44
2,MATHEMATICAL ANALYSIS AND DESIGN DETAILS OF WAVEGUIDE FED MICROWAVE RADIATIONS,8718,58,43
2,MATHEMATICAL ANALYSIS AND DESIGN DETAILS OF WAVEGUIDE FED MICROWAVE RADIATIONS,5639,59,42
2,MATHEMATICAL ANALYSIS AND DESIGN DETAILS OF WAVEGUIDE FED MICROWAVE RADIATIONS,4330,60,41
2,MATHEMATICAL ANALYSIS AND DESIGN DETAILS OF WAVEGUIDE FED MICROWAVE RADIATIONS,9209,61,40
2,MATHEMATICAL ANALYSIS AND DESIGN DETAILS OF WAVEGUIDE FED MICROWAVE RADIATIONS,10632,62,39
2,MATHEMATICAL ANALYSIS AND DESIGN DETAILS OF WAVEGUIDE FED MICROWAVE RADIATIONS,414,63,38
2,MATHEMATICAL ANALYSIS AND DESIGN DETAILS OF WAVEGUIDE FED MICROWAVE RADIATIONS,4254,64,37
2,MATHEMATICAL ANALYSIS AND DESIGN DETAILS OF WAVEGUIDE FED MICROWAVE RADIATIONS,8704,65,36
2,MATHEMATICAL ANALYSIS AND DESIGN DETAILS OF WAVEGUIDE FED MICROWAVE RADIATIONS,8659,66,35
2,MATHEMATICAL ANALYSIS AND DESIGN DETAILS OF WAVEGUIDE FED MICROWAVE RADIATIONS,1048,67,34
2,MATHEMATICAL ANALYSIS AND DESIGN DETAILS OF WAVEGUIDE FED MICROWAVE RADIATIONS,4571,68,33
2,MATHEMATICAL ANALYSIS AND DESIGN DETAILS OF WAVEGUIDE FED MICROWAVE RADIATIONS,5041,69,32
2,MATHEMATICAL ANALYSIS AND DESIGN DETAILS OF WAVEGUIDE FED MICROWAVE RADIATIONS,4129,70,31
2,MATHEMATICAL ANALYSIS AND DESIGN DETAILS OF WAVEGUIDE FED MICROWAVE RADIATIONS,10238,71,30
2,MATHEMATICAL ANALYSIS AND DESIGN DETAILS OF WAVEGUIDE FED MICROWAVE RADIATIONS,10177,72,29
2,MATHEMATICAL ANALYSIS AND DESIGN DETAILS OF WAVEGUIDE FED MICROWAVE RADIATIONS,3500,73,28
2,MATHEMATICAL ANALYSIS AND DESIGN DETAILS OF WAVEGUIDE FED MICROWAVE RADIATIONS,6464,74,27
2,MATHEMATICAL ANALYSIS AND DESIGN DETAILS OF WAVEGUIDE FED MICROWAVE RADIATIONS,10803,75,26
2,MATHEMATICAL ANALYSIS AND DESIGN DETAILS OF WAVEGUIDE FED MICROWAVE RADIATIONS,9331,76,25
2,MATHEMATICAL ANALYSIS AND DESIGN DETAILS OF WAVEGUIDE FED MICROWAVE RADIATIONS,9114,77,24
2,MATHEMATICAL ANALYSIS AND DESIGN DETAILS OF WAVEGUIDE FED MICROWAVE RADIATIONS,786,78,23
2,MATHEMATICAL ANALYSIS AND DESIGN DETAILS OF WAVEGUIDE FED MICROWAVE RADIATIONS,3684,79,22
2,MATHEMATICAL ANALYSIS AND DESIGN DETAILS OF WAVEGUIDE FED MICROWAVE RADIATIONS,8967,80,21
2,MATHEMATICAL ANALYSIS AND DESIGN DETAILS OF WAVEGUIDE FED MICROWAVE RADIATIONS,6635,81,20
2,MATHEMATICAL ANALYSIS AND DESIGN DETAILS OF WAVEGUIDE FED MICROWAVE RADIATIONS,1894,82,19
2,MATHEMATICAL ANALYSIS AND DESIGN DETAILS OF WAVEGUIDE FED MICROWAVE RADIATIONS,2847,83,18
2,MATHEMATICAL ANALYSIS AND DESIGN DETAILS OF WAVEGUIDE FED MICROWAVE RADIATIONS,2100,84,17
2,MATHEMATICAL ANALYSIS AND DESIGN DETAILS OF WAVEGUIDE FED MICROWAVE RADIATIONS,3748,85,16
2,MATHEMATICAL ANALYSIS AND DESIGN DETAILS OF WAVEGUIDE FED MICROWAVE RADIATIONS,1887,86,15
2,MATHEMATICAL ANALYSIS AND DESIGN DETAILS OF WAVEGUIDE FED MICROWAVE RADIATIONS,25,87,14
2,MATHEMATICAL ANALYSIS AND DESIGN DETAILS OF WAVEGUIDE FED MICROWAVE RADIATIONS,5388,88,13
2,MATHEMATICAL ANALYSIS AND DESIGN DETAILS OF WAVEGUIDE FED MICROWAVE RADIATIONS,11350,89,12
2,MATHEMATICAL ANALYSIS AND DESIGN DETAILS OF WAVEGUIDE FED MICROWAVE RADIATIONS,10493,90,11
2,MATHEMATICAL ANALYSIS AND DESIGN DETAILS OF WAVEGUIDE FED MICROWAVE RADIATIONS,8891,91,10
2,MATHEMATICAL ANALYSIS AND DESIGN DETAILS OF WAVEGUIDE FED MICROWAVE RADIATIONS,201,92,9
2,MATHEMATICAL ANALYSIS AND DESIGN DETAILS OF WAVEGUIDE FED MICROWAVE RADIATIONS,10234,93,8
2,MATHEMATICAL ANALYSIS AND DESIGN DETAILS OF WAVEGUIDE FED MICROWAVE RADIATIONS,3206,94,7
2,MATHEMATICAL ANALYSIS AND DESIGN DETAILS OF WAVEGUIDE FED MICROWAVE RADIATIONS,8015,95,6
2,MATHEMATICAL ANALYSIS AND DESIGN DETAILS OF WAVEGUIDE FED MICROWAVE RADIATIONS,3401,96,5
2,MATHEMATICAL ANALYSIS AND DESIGN DETAILS OF WAVEGUIDE FED MICROWAVE RADIATIONS,833,97,4
2,MATHEMATICAL ANALYSIS AND DESIGN DETAILS OF WAVEGUIDE FED MICROWAVE RADIATIONS,5912,98,3
2,MATHEMATICAL ANALYSIS AND DESIGN DETAILS OF WAVEGUIDE FED MICROWAVE RADIATIONS,7288,99,2
2,MATHEMATICAL ANALYSIS AND DESIGN DETAILS OF WAVEGUIDE FED MICROWAVE RADIATIONS,7450,100,1
3,USE OF DIGITAL COMPUTERS IN THE DESIGN OF BAND PASS FILTERS HAVING GIVEN PHASE AND ATTENUATION CHARACTERISTICS,11038,1,100
3,USE OF DIGITAL COMPUTERS IN THE DESIGN OF BAND PASS FILTERS HAVING GIVEN PHASE AND ATTENUATION CHARACTERISTICS,6348,2,99
3,USE OF DIGITAL COMPUTERS IN THE DESIGN OF BAND PASS FILTERS HAVING GIVEN PHASE AND ATTENUATION CHARACTERISTICS,7086,3,98
3,USE OF DIGITAL COMPUTERS IN THE DESIGN OF BAND PASS FILTERS HAVING GIVEN PHASE AND ATTENUATION CHARACTERISTICS,3970,4,97
3,USE OF DIGITAL COMPUTERS IN THE DESIGN OF BAND PASS FILTERS HAVING GIVEN PHASE AND ATTENUATION CHARACTERISTICS,4725,5,96
3,USE OF DIGITAL COMPUTERS IN THE DESIGN OF BAND PASS FILTERS HAVING GIVEN PHASE AND ATTENUATION CHARACTERISTICS,6536,6,95
3,USE OF DIGITAL COMPUTERS IN THE DESIGN OF BAND PASS FILTERS HAVING GIVEN PHASE AND ATTENUATION CHARACTERISTICS,6888,7,94
3,USE OF DIGITAL COMPUTERS IN THE DESIGN OF BAND PASS FILTERS HAVING GIVEN PHASE AND ATTENUATION CHARACTERISTICS,5250,8,93
3,USE OF DIGITAL COMPUTERS IN THE DESIGN OF BAND PASS FILTERS HAVING GIVEN PHASE AND ATTENUATION CHARACTERISTICS,9182,9,92
3,USE OF DIGITAL COMPUTERS IN THE DESIGN OF BAND PASS FILTERS HAVING GIVEN PHASE AND ATTENUATION CHARACTERISTICS,5856,10,91
3,USE OF DIGITAL COMPUTERS IN THE DESIGN OF BAND PASS FILTERS HAVING GIVEN PHASE AND ATTENUATION CHARACTERISTICS,3503,11,90
3,USE OF DIGITAL COMPUTERS IN THE DESIGN OF BAND PASS FILTERS HAVING GIVEN PHASE AND ATTENUATION CHARACTERISTICS,5045,12,89
3,USE OF DIGITAL COMPUTERS IN THE DESIGN OF BAND PASS FILTERS HAVING GIVEN PHASE AND ATTENUATION CHARACTERISTICS,9180,13,88
3,USE OF DIGITAL COMPUTERS IN THE DESIGN OF BAND PASS FILTERS HAVING GIVEN PHASE AND ATTENUATION CHARACTERISTICS,5981,14,87
3,USE OF DIGITAL COMPUTERS IN THE DESIGN OF BAND PASS FILTERS HAVING GIVEN PHASE AND ATTENUATION CHARACTERISTICS,5984,15,86
3,USE OF DIGITAL COMPUTERS IN THE DESIGN OF BAND PASS FILTERS HAVING GIVEN PHASE AND ATTENUATION CHARACTERISTICS,4079,16,85
3,USE OF DIGITAL COMPUTERS IN THE DESIGN OF BAND PASS FILTERS HAVING GIVEN PHASE AND ATTENUATION CHARACTERISTICS,5979,17,84
3,USE OF DIGITAL COMPUTERS IN THE DESIGN OF BAND PASS FILTERS HAVING GIVEN PHASE AND ATTENUATION CHARACTERISTICS,9183,18,83
3,USE OF DIGITAL COMPUTERS IN THE DESIGN OF BAND PASS FILTERS HAVING GIVEN PHASE AND ATTENUATION CHARACTERISTICS,9418,19,82
3,USE OF DIGITAL COMPUTERS IN THE DESIGN OF BAND PASS FILTERS HAVING GIVEN PHASE AND ATTENUATION CHARACTERISTICS,8238,20,81
3,USE OF DIGITAL COMPUTERS IN THE DESIGN OF BAND PASS FILTERS HAVING GIVEN PHASE AND ATTENUATION CHARACTERISTICS,3272,21,80
3,USE OF DIGITAL COMPUTERS IN THE DESIGN OF BAND PASS FILTERS HAVING GIVEN PHASE AND ATTENUATION CHARACTERISTICS,10039,22,79
3,USE OF DIGITAL COMPUTERS IN THE DESIGN OF BAND PASS FILTERS HAVING GIVEN PHASE AND ATTENUATION CHARACTERISTICS,4833,23,78
3,USE OF DIGITAL COMPUTERS IN THE DESIGN OF BAND PASS FILTERS HAVING GIVEN PHASE AND ATTENUATION CHARACTERISTICS,5976,24,77
3,USE OF DIGITAL COMPUTERS IN THE DESIGN OF BAND PASS FILTERS HAVING GIVEN PHASE AND ATTENUATION CHARACTERISTICS,3398,25,76
3,USE OF DIGITAL COMPUTERS IN THE DESIGN OF BAND PASS FILTERS HAVING GIVEN PHASE AND ATTENUATION CHARACTERISTICS,1852,26,75
3,USE OF DIGITAL COMPUTERS IN THE DESIGN OF BAND PASS FILTERS HAVING GIVEN PHASE AND ATTENUATION CHARACTERISTICS,7304,27,74
3,USE OF DIGITAL COMPUTERS IN THE DESIGN OF BAND PASS FILTERS HAVING GIVEN PHASE AND ATTENUATION CHARACTERISTICS,1337,28,73
3,USE OF DIGITAL COMPUTERS IN THE DESIGN OF BAND PASS FILTERS HAVING GIVEN PHASE AND ATTENUATION CHARACTERISTICS,9289,29,72
3,USE OF DIGITAL COMPUTERS IN THE DESIGN OF BAND PASS FILTERS HAVING GIVEN PHASE AND ATTENUATION CHARACTERISTICS,11311,30,71
3,USE OF DIGITAL COMPUTERS IN THE DESIGN OF BAND PASS FILTERS HAVING GIVEN PHASE AND ATTENUATION CHARACTERISTICS,1319,31,70
3,USE OF DIGITAL COMPUTERS IN THE DESIGN OF BAND PASS FILTERS HAVING GIVEN PHASE AND ATTENUATION CHARACTERISTICS,9087,32,69
3,USE OF DIGITAL COMPUTERS IN THE DESIGN OF BAND PASS FILTERS HAVING GIVEN PHASE AND ATTENUATION CHARACTERISTICS,8563,33,68
3,USE OF DIGITAL COMPUTERS IN THE DESIGN OF BAND PASS FILTERS HAVING GIVEN PHASE AND ATTENUATION CHARACTERISTICS,7572,34,67
3,USE OF DIGITAL COMPUTERS IN THE DESIGN OF BAND PASS FILTERS HAVING GIVEN PHASE AND ATTENUATION CHARACTERISTICS,9698,35,66
3,USE OF DIGITAL COMPUTERS IN THE DESIGN OF BAND PASS FILTERS HAVING GIVEN PHASE AND ATTENUATION CHARACTERISTICS,5873,36,65
3,USE OF DIGITAL COMPUTERS IN THE DESIGN OF BAND PASS FILTERS HAVING GIVEN PHASE AND ATTENUATION CHARACTERISTICS,9552,37,64
3,USE OF DIGITAL COMPUTERS IN THE DESIGN OF BAND PASS FILTERS HAVING GIVEN PHASE AND ATTENUATION CHARACTERISTICS,4205,38,63
3,USE OF DIGITAL COMPUTERS IN THE DESIGN OF BAND PASS FILTERS HAVING GIVEN PHASE AND ATTENUATION CHARACTERISTICS,8448,39,62
3,USE OF DIGITAL COMPUTERS IN THE DESIGN OF BAND PASS FILTERS HAVING GIVEN PHASE AND ATTENUATION CHARACTERISTICS,7176,40,61
3,USE OF DIGITAL COMPUTERS IN THE DESIGN OF BAND PASS FILTERS HAVING GIVEN PHASE AND ATTENUATION CHARACTERISTICS,1475,41,60
3,USE OF DIGITAL COMPUTERS IN THE DESIGN OF BAND PASS FILTERS HAVING GIVEN PHASE AND ATTENUATION CHARACTERISTICS,525,42,59
3,USE OF DIGITAL COMPUTERS IN THE DESIGN OF BAND PASS FILTERS HAVING GIVEN PHASE AND ATTENUATION CHARACTERISTICS,7571,43,58
3,USE OF DIGITAL COMPUTERS IN THE DESIGN OF BAND PASS FILTERS HAVING GIVEN PHASE AND ATTENUATION CHARACTERISTICS,8346,44,57
3,USE OF DIGITAL COMPUTERS IN THE DESIGN OF BAND PASS FILTERS HAVING GIVEN PHASE AND ATTENUATION CHARACTERISTICS,7573,45,56
3,USE OF DIGITAL COMPUTERS IN THE DESIGN OF BAND PASS FILTERS HAVING GIVEN PHASE AND ATTENUATION CHARACTERISTICS,10486,46,55
3,USE OF DIGITAL COMPUTERS IN THE DESIGN OF BAND PASS FILTERS HAVING GIVEN PHASE AND ATTENUATION CHARACTERISTICS,10628,47,54
3,USE OF DIGITAL COMPUTERS IN THE DESIGN OF BAND PASS FILTERS HAVING GIVEN PHASE AND ATTENUATION CHARACTERISTICS,6974,48,53
3,USE OF DIGITAL COMPUTERS IN THE DESIGN OF BAND PASS FILTERS HAVING GIVEN PHASE AND ATTENUATION CHARACTERISTICS,3397,49,52
3,USE OF DIGITAL COMPUTERS IN THE DESIGN OF BAND PASS FILTERS HAVING GIVEN PHASE AND ATTENUATION CHARACTERISTICS,2458,50,51
3,USE OF DIGITAL COMPUTERS IN THE DESIGN OF BAND PASS FILTERS HAVING GIVEN PHASE AND ATTENUATION CHARACTERISTICS,8024,51,50
3,USE OF DIGITAL COMPUTERS IN THE DESIGN OF BAND PASS FILTERS HAVING GIVEN PHASE AND ATTENUATION CHARACTERISTICS,421,52,49
3,USE OF DIGITAL COMPUTERS IN THE DESIGN OF BAND PASS FILTERS HAVING GIVEN PHASE AND ATTENUATION CHARACTERISTICS,9550,53,48
3,USE OF DIGITAL COMPUTERS IN THE DESIGN OF BAND PASS FILTERS HAVING GIVEN PHASE AND ATTENUATION CHARACTERISTICS,11312,54,47
3,USE OF DIGITAL COMPUTERS IN THE DESIGN OF BAND PASS FILTERS HAVING GIVEN PHASE AND ATTENUATION CHARACTERISTICS,8672,55,46
3,USE OF DIGITAL COMPUTERS IN THE DESIGN OF BAND PASS FILTERS HAVING GIVEN PHASE AND ATTENUATION CHARACTERISTICS,4437,56,45
3,USE OF DIGITAL COMPUTERS IN THE DESIGN OF BAND PASS FILTERS HAVING GIVEN PHASE AND ATTENUATION CHARACTERISTICS,3504,57,44
3,USE OF DIGITAL COMPUTERS IN THE DESIGN OF BAND PASS FILTERS HAVING GIVEN PHASE AND ATTENUATION CHARACTERISTICS,7083,58,43
3,USE OF DIGITAL COMPUTERS IN THE DESIGN OF BAND PASS FILTERS HAVING GIVEN PHASE AND ATTENUATION CHARACTERISTICS,6530,59,42
3,USE OF DIGITAL COMPUTERS IN THE DESIGN OF BAND PASS FILTERS HAVING GIVEN PHASE AND ATTENUATION CHARACTERISTICS,939,60,41
3,USE OF DIGITAL COMPUTERS IN THE DESIGN OF BAND PASS FILTERS HAVING GIVEN PHASE AND ATTENUATION CHARACTERISTICS,5561,61,40
3,USE OF DIGITAL COMPUTERS IN THE DESIGN OF BAND PASS FILTERS HAVING GIVEN PHASE AND ATTENUATION CHARACTERISTICS,8567,62,39
3,USE OF DIGITAL COMPUTERS IN THE DESIGN OF BAND PASS FILTERS HAVING GIVEN PHASE AND ATTENUATION CHARACTERISTICS,7179,63,38
3,USE OF DIGITAL COMPUTERS IN THE DESIGN OF BAND PASS FILTERS HAVING GIVEN PHASE AND ATTENUATION CHARACTERISTICS,7900,64,37
3,USE OF DIGITAL COMPUTERS IN THE DESIGN OF BAND PASS FILTERS HAVING GIVEN PHASE AND ATTENUATION CHARACTERISTICS,654,65,36
3,USE OF DIGITAL COMPUTERS IN THE DESIGN OF BAND PASS FILTERS HAVING GIVEN PHASE AND ATTENUATION CHARACTERISTICS,5980,66,35
3,USE OF DIGITAL COMPUTERS IN THE DESIGN OF BAND PASS FILTERS HAVING GIVEN PHASE AND ATTENUATION CHARACTERISTICS,8668,67,34
3,USE OF DIGITAL COMPUTERS IN THE DESIGN OF BAND PASS FILTERS HAVING GIVEN PHASE AND ATTENUATION CHARACTERISTICS,6795,68,33
3,USE OF DIGITAL COMPUTERS IN THE DESIGN OF BAND PASS FILTERS HAVING GIVEN PHASE AND ATTENUATION CHARACTERISTICS,8121,69,32
3,USE OF DIGITAL COMPUTERS IN THE DESIGN OF BAND PASS FILTERS HAVING GIVEN PHASE AND ATTENUATION CHARACTERISTICS,5358,70,31
3,USE OF DIGITAL COMPUTERS IN THE DESIGN OF BAND PASS FILTERS HAVING GIVEN PHASE AND ATTENUATION CHARACTERISTICS,155,71,30
3,USE OF DIGITAL COMPUTERS IN THE DESIGN OF BAND PASS FILTERS HAVING GIVEN PHASE AND ATTENUATION CHARACTERISTICS,9949,72,29
3,USE OF DIGITAL COMPUTERS IN THE DESIGN OF BAND PASS FILTERS HAVING GIVEN PHASE AND ATTENUATION CHARACTERISTICS,7177,73,28
3,USE OF DIGITAL COMPUTERS IN THE DESIGN OF BAND PASS FILTERS HAVING GIVEN PHASE AND ATTENUATION CHARACTERISTICS,943,74,27
3,USE OF DIGITAL COMPUTERS IN THE DESIGN OF BAND PASS FILTERS HAVING GIVEN PHASE AND ATTENUATION CHARACTERISTICS,666,75,26
3,USE OF DIGITAL COMPUTERS IN THE DESIGN OF BAND PASS FILTERS HAVING GIVEN PHASE AND ATTENUATION CHARACTERISTICS,5563,76,25
3,USE OF DIGITAL COMPUTERS IN THE DESIGN OF BAND PASS FILTERS HAVING GIVEN PHASE AND ATTENUATION CHARACTERISTICS,7898,77,24
3,USE OF DIGITAL COMPUTERS IN THE DESIGN OF BAND PASS FILTERS HAVING GIVEN PHASE AND ATTENUATION CHARACTERISTICS,9421,78,23
3,USE OF DIGITAL COMPUTERS IN THE DESIGN OF BAND PASS FILTERS HAVING GIVEN PHASE AND ATTENUATION CHARACTERISTICS,937,79,22
3,USE OF DIGITAL COMPUTERS IN THE DESIGN OF BAND PASS FILTERS HAVING GIVEN PHASE AND ATTENUATION CHARACTERISTICS,7908,80,21
3,USE OF DIGITAL COMPUTERS IN THE DESIGN OF BAND PASS FILTERS HAVING GIVEN PHASE AND ATTENUATION CHARACTERISTICS,5663,81,20
3,USE OF DIGITAL COMPUTERS IN THE DESIGN OF BAND PASS FILTERS HAVING GIVEN PHASE AND ATTENUATION CHARACTERISTICS,11313,82,19
3,USE OF DIGITAL COMPUTERS IN THE DESIGN OF BAND PASS FILTERS HAVING GIVEN PHASE AND ATTENUATION CHARACTERISTICS,6078,83,18
3,USE OF DIGITAL COMPUTERS IN THE DESIGN OF BAND PASS FILTERS HAVING GIVEN PHASE AND ATTENUATION CHARACTERISTICS,8463,84,17
3,USE OF DIGITAL COMPUTERS IN THE DESIGN OF BAND PASS FILTERS HAVING GIVEN PHASE AND ATTENUATION CHARACTERISTICS,3506,85,16
3,USE OF DIGITAL COMPUTERS IN THE DESIGN OF BAND PASS FILTERS HAVING GIVEN PHASE AND ATTENUATION CHARACTERISTICS,5753,86,15
3,USE OF DIGITAL COMPUTERS IN THE DESIGN OF BAND PASS FILTERS HAVING GIVEN PHASE AND ATTENUATION CHARACTERISTICS,10757,87,14
3,USE OF DIGITAL COMPUTERS IN THE DESIGN OF BAND PASS FILTERS HAVING GIVEN PHASE AND ATTENUATION CHARACTERISTICS,9423,88,13
3,USE OF DIGITAL COMPUTERS IN THE DESIGN OF BAND PASS FILTERS HAVING GIVEN PHASE AND ATTENUATION CHARACTERISTICS,4078,89,12
3,USE OF DIGITAL COMPUTERS IN THE DESIGN OF BAND PASS FILTERS HAVING GIVEN PHASE AND ATTENUATION CHARACTERISTICS,5982,90,11
3,USE OF DIGITAL COMPUTERS IN THE DESIGN OF BAND PASS FILTERS HAVING GIVEN PHASE AND ATTENUATION CHARACTERISTICS,4337,91,10
3,USE OF DIGITAL COMPUTERS IN THE DESIGN OF BAND PASS FILTERS HAVING GIVEN PHASE AND ATTENUATION CHARACTERISTICS,5476,92,9
3,USE OF DIGITAL COMPUTERS IN THE DESIGN OF BAND PASS FILTERS HAVING GIVEN PHASE AND ATTENUATION CHARACTERISTICS,655,93,8
3,USE OF DIGITAL COMPUTERS IN THE DESIGN OF BAND PASS FILTERS HAVING GIVEN PHASE AND ATTENUATION CHARACTERISTICS,5662,94,7
3,USE OF DIGITAL COMPUTERS IN THE DESIGN OF BAND PASS FILTERS HAVING GIVEN PHASE AND ATTENUATION CHARACTERISTICS,7085,95,6
3,USE OF DIGITAL COMPUTERS IN THE DESIGN OF BAND PASS FILTERS HAVING GIVEN PHASE AND ATTENUATION CHARACTERISTICS,6088,96,5
3,USE OF DIGITAL COMPUTERS IN THE DESIGN OF BAND PASS FILTERS HAVING GIVEN PHASE AND ATTENUATION CHARACTERISTICS,6349,97,4
3,USE OF DIGITAL COMPUTERS IN THE DESIGN OF BAND PASS FILTERS HAVING GIVEN PHASE AND ATTENUATION CHARACTERISTICS,9288,98,3
3,USE OF DIGITAL COMPUTERS IN THE DESIGN OF BAND PASS FILTERS HAVING GIVEN PHASE AND ATTENUATION CHARACTERISTICS,5650,99,2
3,USE OF DIGITAL COMPUTERS IN THE DESIGN OF BAND PASS FILTERS HAVING GIVEN PHASE AND ATTENUATION CHARACTERISTICS,5478,100,1
4,SYSTEMS OF DATA CODING FOR INFORMATION TRANSFER,3595,1,100
4,SYSTEMS OF DATA CODING FOR INFORMATION TRANSFER,4412,2,99
4,SYSTEMS OF DATA CODING FOR INFORMATION TRANSFER,7527,3,98
4,SYSTEMS OF DATA CODING FOR INFORMATION TRANSFER,6138,4,97
4,SYSTEMS OF DATA CODING FOR INFORMATION TRANSFER,4057,5,96
4,SYSTEMS OF DATA CODING FOR INFORMATION TRANSFER,9252,6,95
4,SYSTEMS OF DATA CODING FOR INFORMATION TRANSFER,7346,7,94
4,SYSTEMS OF DATA CODING FOR INFORMATION TRANSFER,4199,8,93
4,SYSTEMS OF DATA CODING FOR INFORMATION TRANSFER,8205,9,92
4,SYSTEMS OF DATA CODING FOR INFORMATION TRANSFER,7985,10,91
4,SYSTEMS OF DATA CODING FOR INFORMATION TRANSFER,9414,11,90
4,SYSTEMS OF DATA CODING FOR INFORMATION TRANSFER,10428,12,89
4,SYSTEMS OF DATA CODING FOR INFORMATION TRANSFER,10805,13,88
4,SYSTEMS OF DATA CODING FOR INFORMATION TRANSFER,4705,14,87
4,SYSTEMS OF DATA CODING FOR INFORMATION TRANSFER,6947,15,86
4,SYSTEMS OF DATA CODING FOR INFORMATION TRANSFER,1595,16,85
4,SYSTEMS OF DATA CODING FOR INFORMATION TRANSFER,4056,17,84
4,SYSTEMS OF DATA CODING FOR INFORMATION TRANSFER,4596,18,83
4,SYSTEMS OF DATA CODING FOR INFORMATION TRANSFER,5437,19,82
4,SYSTEMS OF DATA CODING FOR INFORMATION TRANSFER,3383,20,81
4,SYSTEMS OF DATA CODING FOR INFORMATION TRANSFER,4185,21,80
4,SYSTEMS OF DATA CODING FOR INFORMATION TRANSFER,5576,22,79
4,SYSTEMS OF DATA CODING FOR INFORMATION TRANSFER,1049,23,78
4,SYSTEMS OF DATA CODING FOR INFORMATION TRANSFER,1313,24,77
4,SYSTEMS OF DATA CODING FOR INFORMATION TRANSFER,7157,25,76
4,SYSTEMS OF DATA CODING FOR INFORMATION TRANSFER,1334,26,75
4,SYSTEMS OF DATA CODING FOR INFORMATION TRANSFER,7989,27,74
4,SYSTEMS OF DATA CODING FOR INFORMATION TRANSFER,7718,28,73
4,SYSTEMS OF DATA CODING FOR INFORMATION TRANSFER,4430,29,72
4,SYSTEMS OF DATA CODING FOR INFORMATION TRANSFER,2052,30,71
4,SYSTEMS OF DATA CODING FOR INFORMATION TRANSFER,10484,31,70
4,SYSTEMS OF DATA CODING FOR INFORMATION TRANSFER,4183,32,69
4,SYSTEMS OF DATA CODING FOR INFORMATION TRANSFER,2687,33,68
4,SYSTEMS OF DATA CODING FOR INFORMATION TRANSFER,8217,34,67
4,SYSTEMS OF DATA CODING FOR INFORMATION TRANSFER,9666,35,66
4,SYSTEMS OF DATA CODING FOR INFORMATION TRANSFER,8200,36,65
4,SYSTEMS OF DATA CODING FOR INFORMATION TRANSFER,5441,37,64
4,SYSTEMS OF DATA CODING FOR INFORMATION TRANSFER,4063,38,63
4,SYSTEMS OF DATA CODING FOR INFORMATION TRANSFER,5826,39,62
4,SYSTEMS OF DATA CODING FOR INFORMATION TRANSFER,3618,40,61
4,SYSTEMS OF DATA CODING FOR INFORMATION TRANSFER,397,41,60
4,SYSTEMS OF DATA CODING FOR INFORMATION TRANSFER,6150,42,59
4,SYSTEMS OF DATA CODING FOR INFORMATION TRANSFER,7762,43,58
4,SYSTEMS OF DATA CODING FOR INFORMATION TRANSFER,9168,44,57
4,SYSTEMS OF DATA CODING FOR INFORMATION TRANSFER,9796,45,56
4,SYSTEMS OF DATA CODING FOR INFORMATION TRANSFER,146,46,55
4,SYSTEMS OF DATA CODING FOR INFORMATION TRANSFER,4820,47,54
4,SYSTEMS OF DATA CODING FOR INFORMATION TRANSFER,5139,48,53
4,SYSTEMS OF DATA CODING FOR INFORMATION TRANSFER,10087,49,52
4,SYSTEMS OF DATA CODING FOR INFORMATION TRANSFER,7697,50,51
4,SYSTEMS OF DATA CODING FOR INFORMATION TRANSFER,8817,51,50
4,SYSTEMS OF DATA CODING FOR INFORMATION TRANSFER,8002,52,49
4,SYSTEMS OF DATA CODING FOR INFORMATION TRANSFER,7429,53,48
4,SYSTEMS OF DATA CODING FOR INFORMATION TRANSFER,1588,54,47
4,SYSTEMS OF DATA CODING FOR INFORMATION TRANSFER,7654,55,46
4,SYSTEMS OF DATA CODING FOR INFORMATION TRANSFER,3480,56,45
4,SYSTEMS OF DATA CODING FOR INFORMATION TRANSFER,6668,57,44
4,SYSTEMS OF DATA CODING FOR INFORMATION TRANSFER,6782,58,43
4,SYSTEMS OF DATA CODING FOR INFORMATION TRANSFER,4320,59,42
4,SYSTEMS OF DATA CODING FOR INFORMATION TRANSFER,9869,60,41
4,SYSTEMS OF DATA CODING FOR INFORMATION TRANSFER,1,61,40
4,SYSTEMS OF DATA CODING FOR INFORMATION TRANSFER,5733,62,39
4,SYSTEMS OF DATA CODING FOR INFORMATION TRANSFER,8246,63,38
4,SYSTEMS OF DATA CODING FOR INFORMATION TRANSFER,4704,64,37
4,SYSTEMS OF DATA CODING FOR INFORMATION TRANSFER,4196,65,36
4,SYSTEMS OF DATA CODING FOR INFORMATION TRANSFER,10157,66,35
4,SYSTEMS OF DATA CODING FOR INFORMATION TRANSFER,8299,67,34
4,SYSTEMS OF DATA CODING FOR INFORMATION TRANSFER,282,68,33
4,SYSTEMS OF DATA CODING FOR INFORMATION TRANSFER,4184,69,32
4,SYSTEMS OF DATA CODING FOR INFORMATION TRANSFER,1137,70,31
4,SYSTEMS OF DATA CODING FOR INFORMATION TRANSFER,7695,71,30
4,SYSTEMS OF DATA CODING FOR INFORMATION TRANSFER,1077,72,29
4,SYSTEMS OF DATA CODING FOR INFORMATION TRANSFER,9788,73,28
4,SYSTEMS OF DATA CODING FOR INFORMATION TRANSFER,7173,74,27
4,SYSTEMS OF DATA CODING FOR INFORMATION TRANSFER,2322,75,26
4,SYSTEMS OF DATA CODING FOR INFORMATION TRANSFER,8815,76,25
4,SYSTEMS OF DATA CODING FOR INFORMATION TRANSFER,9537,77,24
4,SYSTEMS OF DATA CODING FOR INFORMATION TRANSFER,10764,78,23
4,SYSTEMS OF DATA CODING FOR INFORMATION TRANSFER,2180,79,22
4,SYSTEMS OF DATA CODING FOR INFORMATION TRANSFER,1711,80,21
4,SYSTEMS OF DATA CODING FOR INFORMATION TRANSFER,9949,81,20
4,SYSTEMS OF DATA CODING FOR INFORMATION TRANSFER,5752,82,19
4,SYSTEMS OF DATA CODING FOR INFORMATION TRANSFER,2501,83,18
4,SYSTEMS OF DATA CODING FOR INFORMATION TRANSFER,8207,84,17
4,SYSTEMS OF DATA CODING FOR INFORMATION TRANSFER,6422,85,16
4,SYSTEMS OF DATA CODING FOR INFORMATION TRANSFER,9708,86,15
4,SYSTEMS OF DATA CODING FOR INFORMATION TRANSFER,2041,87,14
4,SYSTEMS OF DATA CODING FOR INFORMATION TRANSFER,3857,88,13
4,SYSTEMS OF DATA CODING FOR INFORMATION TRANSFER,7178,89,12
4,SYSTEMS OF DATA CODING FOR INFORMATION TRANSFER,9946,90,11
4,SYSTEMS OF DATA CODING FOR INFORMATION TRANSFER,2192,91,10
4,SYSTEMS OF DATA CODING FOR INFORMATION TRANSFER,2175,92,9
4,SYSTEMS OF DATA CODING FOR INFORMATION TRANSFER,6448,93,8
4,SYSTEMS OF DATA CODING FOR INFORMATION TRANSFER,2408,94,7
4,SYSTEMS OF DATA CODING FOR INFORMATION TRANSFER,9794,95,6
4,SYSTEMS OF DATA CODING FOR INFORMATION TRANSFER,1732,96,5
4,SYSTEMS OF DATA CODING FOR INFORMATION TRANSFER,7987,97,4
4,SYSTEMS OF DATA CODING FOR INFORMATION TRANSFER,4204,98,3
4,SYSTEMS OF DATA CODING FOR INFORMATION TRANSFER,2810,99,2
4,SYSTEMS OF DATA CODING FOR INFORMATION TRANSFER,5973,100,1
5,USE OF PROGRAMS IN ENGINEERING TESTING OF COMPUTERS,1586,1,100
5,USE OF PROGRAMS IN ENGINEERING TESTING OF COMPUTERS,11429,2,99
5,USE OF PROGRAMS IN ENGINEERING TESTING OF COMPUTERS,3559,3,98
5,USE OF PROGRAMS IN ENGINEERING TESTING OF COMPUTERS,7875,4,97
5,USE OF PROGRAMS IN ENGINEERING TESTING OF COMPUTERS,5130,5,96
5,USE OF PROGRAMS IN ENGINEERING TESTING OF COMPUTERS,9165,6,95
5,USE OF PROGRAMS IN ENGINEERING TESTING OF COMPUTERS,4308,7,94
5,USE OF PROGRAMS IN ENGINEERING TESTING OF COMPUTERS,2373,8,93
5,USE OF PROGRAMS IN ENGINEERING TESTING OF COMPUTERS,2511,9,92
5,USE OF PROGRAMS IN ENGINEERING TESTING OF COMPUTERS,148,10,91
5,USE OF PROGRAMS IN ENGINEERING TESTING OF COMPUTERS,4307,11,90
5,USE OF PROGRAMS IN ENGINEERING TESTING OF COMPUTERS,2675,12,89
5,USE OF PROGRAMS IN ENGINEERING TESTING OF COMPUTERS,3374,13,88
5,USE OF PROGRAMS IN ENGINEERING TESTING OF COMPUTERS,2927,14,87
5,USE OF PROGRAMS IN ENGINEERING TESTING OF COMPUTERS,2193,15,86
5,USE OF PROGRAMS IN ENGINEERING TESTING OF COMPUTERS,4522,16,85
5,USE OF PROGRAMS IN ENGINEERING TESTING OF COMPUTERS,2290,17,84
5,USE OF PROGRAMS IN ENGINEERING TESTING OF COMPUTERS,10156,18,83
5,USE OF PROGRAMS IN ENGINEERING TESTING OF COMPUTERS,2929,19,82
5,USE OF PROGRAMS IN ENGINEERING TESTING OF COMPUTERS,10160,20,81
5,USE OF PROGRAMS IN ENGINEERING TESTING OF COMPUTERS,9769,21,80
5,USE OF PROGRAMS IN ENGINEERING TESTING OF COMPUTERS,2794,22,79
5,USE OF PROGRAMS IN ENGINEERING TESTING OF COMPUTERS,5135,23,78
5,USE OF PROGRAMS IN ENGINEERING TESTING OF COMPUTERS,396,24,77
5,USE OF PROGRAMS IN ENGINEERING TESTING OF COMPUTERS,3039,25,76
5,USE OF PROGRAMS IN ENGINEERING TESTING OF COMPUTERS,140,26,75
5,USE OF PROGRAMS IN ENGINEERING TESTING OF COMPUTERS,8315,27,74
5,USE OF PROGRAMS IN ENGINEERING TESTING OF COMPUTERS,3252,28,73
5,USE OF PROGRAMS IN ENGINEERING TESTING OF COMPUTERS,1713,29,72
5,USE OF PROGRAMS IN ENGINEERING TESTING OF COMPUTERS,2340,30,71
5,USE OF PROGRAMS IN ENGINEERING TESTING OF COMPUTERS,5429,31,70
5,USE OF PROGRAMS IN ENGINEERING TESTING OF COMPUTERS,2513,32,69
5,USE OF PROGRAMS IN ENGINEERING TESTING OF COMPUTERS,3688,33,68
5,USE OF PROGRAMS IN ENGINEERING TESTING OF COMPUTERS,8952,34,67
5,USE OF PROGRAMS IN ENGINEERING TESTING OF COMPUTERS,9412,35,66
5,USE OF PROGRAMS IN ENGINEERING TESTING OF COMPUTERS,7988,36,65
5,USE OF PROGRAMS IN ENGINEERING TESTING OF COMPUTERS,3226,37,64
5,USE OF PROGRAMS IN ENGINEERING TESTING OF COMPUTERS,1802,38,63
5,USE OF PROGRAMS IN ENGINEERING TESTING OF COMPUTERS,3059,39,62
5,USE OF PROGRAMS IN ENGINEERING TESTING OF COMPUTERS,7304,40,61
5,USE OF PROGRAMS IN ENGINEERING TESTING OF COMPUTERS,1591,41,60
5,USE OF PROGRAMS IN ENGINEERING TESTING OF COMPUTERS,276,42,59
5,USE OF PROGRAMS IN ENGINEERING TESTING OF COMPUTERS,9667,43,58
5,USE OF PROGRAMS IN ENGINEERING TESTING OF COMPUTERS,2296,44,57
5,USE OF PROGRAMS IN ENGINEERING TESTING OF COMPUTERS,884,45,56
5,USE OF PROGRAMS IN ENGINEERING TESTING OF COMPUTERS,9668,46,55
5,USE OF PROGRAMS IN ENGINEERING TESTING OF COMPUTERS,646,47,54
5,USE OF PROGRAMS IN ENGINEERING TESTING OF COMPUTERS,2041,48,53
5,USE OF PROGRAMS IN ENGINEERING TESTING OF COMPUTERS,2766,49,52
5,USE OF PROGRAMS IN ENGINEERING TESTING OF COMPUTERS,5016,50,51
5,USE OF PROGRAMS IN ENGINEERING TESTING OF COMPUTERS,5538,51,50
5,USE OF PROGRAMS IN ENGINEERING TESTING OF COMPUTERS,5634,52,49
5,USE OF PROGRAMS IN ENGINEERING TESTING OF COMPUTERS,4709,53,48
5,USE OF PROGRAMS IN ENGINEERING TESTING OF COMPUTERS,5427,54,47
5,USE OF PROGRAMS IN ENGINEERING TESTING OF COMPUTERS,593,55,46
5,USE OF PROGRAMS IN ENGINEERING TESTING OF COMPUTERS,2788,56,45
5,USE OF PROGRAMS IN ENGINEERING TESTING OF COMPUTERS,5428,57,44
5,USE OF PROGRAMS IN ENGINEERING TESTING OF COMPUTERS,3447,58,43
5,USE OF PROGRAMS IN ENGINEERING TESTING OF COMPUTERS,4918,59,42
5,USE OF PROGRAMS IN ENGINEERING TESTING OF COMPUTERS,521,60,41
5,USE OF PROGRAMS IN ENGINEERING TESTING OF COMPUTERS,4202,61,40
5,USE OF PROGRAMS IN ENGINEERING TESTING OF COMPUTERS,1675,62,39
5,USE OF PROGRAMS IN ENGINEERING TESTING OF COMPUTERS,4054,63,38
5,USE OF PROGRAMS IN ENGINEERING TESTING OF COMPUTERS,6681,64,37
5,USE OF PROGRAMS IN ENGINEERING TESTING OF COMPUTERS,412,65,36
5,USE OF PROGRAMS IN ENGINEERING TESTING OF COMPUTERS,1875,66,35
5,USE OF PROGRAMS IN ENGINEERING TESTING OF COMPUTERS,2932,67,34
5,USE OF PROGRAMS IN ENGINEERING TESTING OF COMPUTERS,8525,68,33
5,USE OF PROGRAMS IN ENGINEERING TESTING OF COMPUTERS,3809,69,32
5,USE OF PROGRAMS IN ENGINEERING TESTING OF COMPUTERS,5443,70,31
5,USE OF PROGRAMS IN ENGINEERING TESTING OF COMPUTERS,6620,71,30
5,USE OF PROGRAMS IN ENGINEERING TESTING OF COMPUTERS,2135,72,29
5,USE OF PROGRAMS IN ENGINEERING TESTING OF COMPUTERS,51,73,28
5,USE OF PROGRAMS IN ENGINEERING TESTING OF COMPUTERS,4594,74,27
5,USE OF PROGRAMS IN ENGINEERING TESTING OF COMPUTERS,1130,75,26
5,USE OF PROGRAMS IN ENGINEERING TESTING OF COMPUTERS,10636,76,25
5,USE OF PROGRAMS IN ENGINEERING TESTING OF COMPUTERS,4849,77,24
5,USE OF PROGRAMS IN ENGINEERING TESTING OF COMPUTERS,4311,78,23
5,USE OF PROGRAMS IN ENGINEERING TESTING OF COMPUTERS,2430,79,22
5,USE OF PROGRAMS IN ENGINEERING TESTING OF COMPUTERS,4312,80,21
5,USE OF PROGRAMS IN ENGINEERING TESTING OF COMPUTERS,2128,81,20
5,USE OF PROGRAMS IN ENGINEERING TESTING OF COMPUTERS,395,82,19
5,USE OF PROGRAMS IN ENGINEERING TESTING OF COMPUTERS,3172,83,18
5,USE OF PROGRAMS IN ENGINEERING TESTING OF COMPUTERS,7287,84,17
5,USE OF PROGRAMS IN ENGINEERING TESTING OF COMPUTERS,10878,85,16
5,USE OF PROGRAMS IN ENGINEERING TESTING OF COMPUTERS,7397,86,15
5,USE OF PROGRAMS IN ENGINEERING TESTING OF COMPUTERS,5772,87,14
5,USE OF PROGRAMS IN ENGINEERING TESTING OF COMPUTERS,1010,88,13
5,USE OF PROGRAMS IN ENGINEERING TESTING OF COMPUTERS,3011,89,12
5,USE OF PROGRAMS IN ENGINEERING TESTING OF COMPUTERS,2682,90,11
5,USE OF PROGRAMS IN ENGINEERING TESTING OF COMPUTERS,4939,91,10
5,USE OF PROGRAMS IN ENGINEERING TESTING OF COMPUTERS,1197,92,9
5,USE OF PROGRAMS IN ENGINEERING TESTING OF COMPUTERS,1831,93,8
5,USE OF PROGRAMS IN ENGINEERING TESTING OF COMPUTERS,10882,94,7
5,USE OF PROGRAMS IN ENGINEERING TESTING OF COMPUTERS,97,95,6
5,USE OF PROGRAMS IN ENGINEERING TESTING OF COMPUTERS,4597,96,5
5,USE OF PROGRAMS IN ENGINEERING TESTING OF COMPUTERS,4154,97,4
5,USE OF PROGRAMS IN ENGINEERING TESTING OF COMPUTERS,1865,98,3
5,USE OF PROGRAMS IN ENGINEERING TESTING OF COMPUTERS,1157,99,2
5,USE OF PROGRAMS IN ENGINEERING TESTING OF COMPUTERS,8869,100,1
